{"Used_inodes_pct": "u", "SEQ_Used_Pct": "b", "container_cpu_used": "u", "New_Tbs_Free_Gb": "d", "Processor_load_1_min": "u", "Session_pct": "b", "DbFile_Used_Pct": "u", "Buffers_used": "u", "CPU_kernel_number": "b", "Memory_available_pct": "d", "Sess_Connect": "u", "container_thread_running": "u", "FS_used_space": "u", "Used_disk_space_pct": "u", "container_thread_idle": "b", "Received_queue": "b", "CPU_util_pct": "u", "Physical_Read_Per_Sec": "u", "Memory_total": "d", "User_Commit": "b", "Exec_Per_Sec": "u", "ss_total": "b", "SeqRead_Per_Sec": "u", "Row_Lock": "b", "count": "b", "Hang": "u", "On_Off_State": "d", "LFSync_Per_Sec": "b", "Cpu_num": "d", "SctRead_Per_Sec": "u", "Memory_used_pct": "u", "CPU_user_time": "u", "ACS": "b", "tnsping_result_time": "u", "Disk_io_util": "u", "Num_of_running_processes": "u", "CPU_iowait_time": "u", "Used_disk_space": "u", "CPU_util_pc": "u", "Outgoing_network_traffic": "b", "FS_max_util": "u", "Login_Per_Sec": "u", "Num_of_processes": "u", "CPU_number": "d", "container_mem_used": "u", "container_thread_total": "u", "Redo_Per_Sec": "u", "Memory_available": "d", "Disk_wr_kbs": "u", "Total_Tbs_Size": "d", "Free_inodes": "d", "Disk_rd_kbs": "u", "Sent_packets": "b", "Tbs_Used_Pct": "u", "proc": "u", "Total_inodes": "d", "AWS": "b", "MEM_Used_Pct": "u", "Total_disk_space": "d", "Received_errors_packets": "u", "succ_rate": "d", "Incoming_network_traffic": "b", "System_block_queue_length": "u", "CPU_pused": "u", "container_fgc": "u", "Proc_Used_Pct": "u", "AIOS": "b", "FS_used_pct": "u", "LFParaWrite_Per_Sec": "u", "CPU_idle_pct": "d", "container_fgct": "u", "Swap_used_pct": "b", "cost": "d", "container_session_used": "b", "MEM_real_util": "u", "Processor_load_5_min": "u", "Page_pi": "b", "UndoTbs_Pct": "b", "Page_po": "b", "FS_total_space": "d", "ICMP_ping": "u", "Sess_Active": "u", "Cache_used": "b", "PGA_Used_Pct": "u", "Received_packets": "b", "System_wait_queue_length": "u", "Shared_memory": "b", "Free_disk_space": "d", "Used_inodes": "u", "CPU_free_pct": "d", "Sess_Used_Undo": "b", "Proc_User_Used_Pct": "b", "MEM_Used": "u", "Asm_Free_Tb": "d", "Disk_wr_ios": "u", "New_Tbs_Used_Pct": "u", "Logic_Read_Per_Sec": "u", "Send_total": "b", "Sent_queue": "u", "TPS_Per_Sec": "b", "DFParaWrite_Per_Sec": "u", "PGA_used_total": "u", "Call_Per_Sec": "u", "Disk_svctm": "b", "CPU_frequency": "d", "Tbs_Free_Gb": "d", "Zombie_Process": "u", "Recv_total": "b", "CPU_system_time": "u", "Sess_Used_Temp": "u", "FS_max_avail": "u", "DbTime": "u", "CPU_Used_Pct": "u", "Memory_used": "u", "Disk_await": "u", "Memory_free": "d", "Processor_load_15_min": "u", "Used_Tbs_Size": "u", "container_thread_used_pct": "u", "Disk_avgqu_sz": "b", "Disk_rd_ios": "u", "Agent_ping": "u", "TempTbs_Pct": "u", "fake": "b", "Sent_errors_packets": "u", "MEM_Total": "d"}